{
  "vector-only": {
    "Hit@1": 0.45,
    "Hit@3": 0.625,
    "Hit@10": 0.7625,
    "MRR": 0.5489880952380952,
    "nDCG@10": 0.6004442076254674
  },
  "hybrid": {
    "Hit@1": 0.5625,
    "Hit@3": 0.85,
    "Hit@10": 0.925,
    "MRR": 0.6969791666666667,
    "nDCG@10": 0.7535012482056307
  },
  "hybrid+rerank": {
    "Hit@1": 0.775,
    "Hit@3": 0.95,
    "Hit@10": 0.9625,
    "MRR": 0.859375,
    "nDCG@10": 0.8858862980919928
  }
}